stationTriplet,stationId,stateCode,networkCode,name,dcoCode,countyName,huc,elevation,latitude,longitude,dataTimeZone,pedonCode,shefId,operator,beginDate,endDate,associatedHucs
2057:AL:SCAN,2057,AL,SCAN,AAMU-JTG,GC,Madison,060300020502,800.0,34.78534,-86.55906,-6.0,27979,AAMA1,NRCS,2002-02-23 00:00,2100-01-01 00:00,"['060300020305', '060300020306', '060300020403', '060300020404']"
2092:KS:SCAN,2092,KS,SCAN,Abrams,GC,Cowley,110300130307,1190.0,37.1313,-97.0859,-6.0,31337,ABRK1,NRCS,2004-06-21 00:00,2100-01-01 00:00,"['110300130206', '110300130306', '110300130308', '110300180408', '110300180409']"
2015:NM:SCAN,2015,NM,SCAN,Adams Ranch #1,GC,Lincoln,130600060201,6170.0,34.25294,-105.41973,-7.0,19304,ADRN5,NRCS,1993-10-25 00:00,2100-01-01 00:00,"['130600060202', '130600060203', '130600060205']"
2235:CA:SCAN,2235,CA,SCAN,Adobe,GC,Mono,180901010607,6500.0,37.97787,-118.68626,-8.0,,ADZC1,NRCS,2023-09-27 00:00,2100-01-01 00:00,"['160600100701', '180901010602', '180901010605', '180901010609']"
2237:CA:SCAN,2237,CA,SCAN,Alabama Hills,GC,Inyo,180901030207,5240.0,36.56295,-118.13562,-8.0,,ABHC1,NRCS,2023-09-28 00:00,2100-01-01 00:00,"['180901030206', '180901030208', '180901030406', '180901030407']"
2172:NM:SCAN,2172,NM,SCAN,Alcalde,GC,Rio Arriba,130201011107,5680.0,36.0908,-106.05668,-7.0,53313,ALDN5,NRCS,2010-03-10 00:00,2100-01-01 00:00,"['130201011105', '130201021506', '130201021604']"
2138:UT:SCAN,2138,UT,SCAN,Alkali Mesa,GC,San Juan,140802030601,6450.0,37.67455,-109.36429,-7.0,34635,ALKU1,NRCS,2007-09-17 00:00,2100-01-01 00:00,"['140802010303', '140802030108', '140802030501', '140802030602']"
2076:TN:SCAN,2076,TN,SCAN,Allen Farms,GC,Giles,060300030905,700.0,35.07461,-86.89418,-6.0,30331,ALFT1,NRCS,2003-06-03 00:00,2100-01-01 00:00,"['060300040206', '060300040208', '060300040402']"
2031:IA:SCAN,2031,IA,SCAN,Ames,GC,Boone,070801050307,1060.0,42.0136,-93.72977,-6.0,28516,AMMI4,NRCS,2001-09-19 00:00,2100-01-01 00:00,"['070801050305', '070801050306', '070801050901', '071000040801']"
2214:CA:SCAN,2214,CA,SCAN,Ash Valley,GC,Lassen,180200021404,5100.0,41.05204,-120.6872,-8.0,,VYAC1,NRCS,2014-10-23 00:00,2100-01-01 00:00,"['180200021401', '180200021402']"
2032:MS:SCAN,2032,MS,SCAN,Beasley Lake,GC,Sunflower,080302071002,110.0,33.38333,-90.65,-6.0,24681,BSYM6,NRCS,1999-09-17 00:00,2100-01-01 00:00,"['080302070902', '080302071001', '080302071503']"
2207:TX:SCAN,2207,TX,SCAN,Beaumont,GC,Jefferson,120402010100,30.0,30.06845,-94.29283,-6.0,,BETT2,NRCS,2013-09-18 00:00,2100-01-01 00:00,"['120200070201', '120402010200']"
2135:UT:SCAN,2135,UT,SCAN,Blue Creek,GC,Box Elder,160203090802,5180.0,41.93531,-112.4336,-7.0,34628,BLUU1,NRCS,2007-09-12 00:00,2100-01-01 00:00,"['160102040303', '160102040304', '160203090801', '160203090803']"
2215:CA:SCAN,2215,CA,SCAN,Bodie Hills,GC,Mono,160503010104,7840.0,38.26477,-119.12645,-8.0,,HBDC1,NRCS,2014-10-24 00:00,2100-01-01 00:00,"['160503010102', '160503010110', '160503010204', '160503010205']"
2078:AL:SCAN,2078,AL,SCAN,Bragg Farm,GC,Madison,060300020306,790.0,34.8937,-86.60247,-6.0,30508,BRAA1,NRCS,2003-08-25 00:00,2100-01-01 00:00,"['060300020302', '060300020304', '060300020305', '060300020307']"
2177:AL:SCAN,2177,AL,SCAN,Broad Acres,GC,Montgomery,031501100803,270.0,32.28393,-86.05253,-6.0,70255,BDAA1,NRCS,2010-04-12 00:00,2100-01-01 00:00,"['031501100804', '031501100901', '031501100904', '031502010304']"
2216:NV:SCAN,2216,NV,SCAN,Buckhorn,GC,Washoe,180800020104,6470.0,40.87959,-119.9534,-8.0,,BUCN2,NRCS,2014-10-24 00:00,2100-01-01 00:00,"['160402030803', '160402030804', '160402040505', '160402040507', '160402040509', '180800020101']"
2151:UT:SCAN,2151,UT,SCAN,Buffalo Jump,GC,Rich,160101010403,6680.0,41.34368,-111.18797,-7.0,40642,BFJU1,NRCS,2009-08-26 00:00,2100-01-01 00:00,"['160101010401', '160101010402']"
2224:MO:SCAN,2224,MO,SCAN,Busby Farm,GC,Cole,103001021206,600.0,38.50452,-92.2469,-6.0,2018MO,BSBM7,NRCS,2018-05-15 00:00,2100-01-01 00:00,"['102901110404', '102901110405', '103001021109', '103001021207', '103001021304']"
2006:TX:SCAN,2006,TX,SCAN,Bushland #1,GC,Randall,111201020303,3830.0,35.17459,-102.09452,-6.0,18826,BUST2,NRCS,1993-10-01 00:00,2100-01-01 00:00,"['110901050302', '111201020303', '111201020304']"
2136:UT:SCAN,2136,UT,SCAN,Cache Junction,GC,Cache,160102020706,4420.0,41.81568,-111.98043,-7.0,34629,CAJU1,NRCS,2007-09-13 00:00,2100-01-01 00:00,"['160102020703', '160102020704', '160102020705', '160102030404', '160102030405', '160102040501']"
1232:AK:SCAN,1232,AK,SCAN,Canyon Lake,AK,Bethel,190305028402,560.0,59.42425,-161.16354,-9.0,69878,CLAA2,NRCS,2014-08-15 00:00,2017-04-04 05:00,"['190305027801', '190305027802', '190305028403', '190305028404']"
2223:MO:SCAN,2223,MO,SCAN,Carver Farm,GC,Cole,103001021207,560.0,38.52563,-92.13465,-6.0,,CRFM7,NRCS,2018-05-14 00:00,2100-01-01 00:00,"['102901110406', '102901110407', '103001021304', '103001021305', '103001021306']"
2161:UT:SCAN,2161,UT,SCAN,Cave Valley,GC,Washington,150100080503,6270.0,37.35524,-113.12341,-7.0,43933,CAVU1,NRCS,2010-04-12 00:00,2100-01-01 00:00,"['150100080301', '150100080302', '150100080502', '150100080506']"
2094:KS:SCAN,2094,KS,SCAN,Centralia Lake,GC,Nemaha,102702050303,1310.0,39.70045,-96.1629,-6.0,31338,CTRK1,NRCS,2004-06-24 13:00,2100-01-01 00:00,"['102701020202', '102701020203', '102702050302', '102702050304']"
2145:NV:SCAN,2145,NV,SCAN,Charkiln,GC,Clark,160600150101,6700.0,36.36651,-115.82047,-8.0,,CHAN2,NRCS,2007-10-28 00:00,2100-01-01 00:00,"['160600141902', '160600150201', '160600150204']"
2150:UT:SCAN,2150,UT,SCAN,Chicken Ridge,GC,Morgan,160201010603,7650.0,41.33136,-111.3036,-7.0,40640,CKRU1,NRCS,2009-08-25 00:00,2100-01-01 00:00,"['160101010401', '160101010402']"
2240:CA:SCAN,2240,CA,SCAN,Chimney Creek,GC,Tulare,180300020401,5680.0,35.83799,-118.03377,-8.0,,,NRCS,2024-09-25 00:00,2100-01-01 00:00,"['180300020304', '180300020402', '180300020502', '180902050501', '180902050702']"
2125:UT:SCAN,2125,UT,SCAN,Circleville,GC,Piute,160300010604,6130.0,38.15109,-112.25148,-7.0,34108,CLZU1,NRCS,2007-05-08 00:00,2100-01-01 00:00,"['160300010603', '160300010605', '160300010606']"
2195:MO:SCAN,2195,MO,SCAN,CMRB LTAR-MO,GC,Boone,071100060102,870.0,39.2285,-92.11942,-6.0,,CTSM7,NRCS,2014-09-03 00:00,2100-01-01 00:00,"['071100060101', '071100060103', '071100060502', '071100060504', '103001020703']"
2189:CA:SCAN,2189,CA,SCAN,Cochora Ranch,GC,San Luis Obispo,180600030102,2670.0,35.11807,-119.59608,-8.0,70965,CXXC1,NRCS,2012-06-07 00:00,2100-01-01 00:00,"['180300031501', '180300031502', '180300031503', '180600030101']"
2066:PR:SCAN,2066,PR,SCAN,Combate,GC,Cabo Rojo,210100040108,40.0,17.97937,-67.16888,-4.0,8428,COBP4,NRCS,2002-06-04 00:00,2100-01-01 00:00,"['210100040101', '210100040102', '210100040103', '210100040600']"
2117:MT:SCAN,2117,MT,SCAN,Conrad Ag Rc,GC,Pondera,100302030705,3700.0,48.30453,-111.92363,-7.0,34001,COAM8,NRCS,2006-10-18 00:00,2100-01-01 00:00,"['100302030103', '100302030703', '100302030704', '100302030801', '100302030803']"
2198:WA:SCAN,2198,WA,SCAN,Cook Farm Field D,GC,Whitman,170601080203,2580.0,46.78373,-117.08008,-8.0,70385,COOW1,NRCS,2013-07-24 00:00,2100-01-01 00:00,"['170601080201', '170601080202', '170601080204', '170601080206', '170601080208']"
2188:PR:SCAN,2188,PR,SCAN,Corozal,GC,Corozal,210100020104,800.0,18.31885,-66.36309,-4.0,32428,RCLP4,NRCS,2012-09-18 00:00,2100-01-01 00:00,"['210100020101', '210100020102', '210100020103', '210100020105', '210100020106', '210100020202', '210100020210']"
2197:CO:SCAN,2197,CO,SCAN,CPER,GC,Weld,101900080301,5340.0,40.8228,-104.71068,-7.0,,CPEC2,NRCS,2013-09-12 00:00,2100-01-01 00:00,"['101900080302', '101900080303', '101900090402']"
2002:MN:SCAN,2002,MN,SCAN,Crescent Lake #1,GC,Sherburne,070102030503,970.0,45.41519,-93.94786,-6.0,18818,CSCM5,NRCS,1993-10-01 00:00,2100-01-01 00:00,"['070102030304', '070102030502', '070102030505', '070102030601', '070102030602', '070102030603']"
2107:NM:SCAN,2107,NM,SCAN,Crossroads,GC,Lea,120800010103,4050.0,33.53513,-103.242,-7.0,30945,CRDN5,NRCS,2005-03-12 00:00,2100-01-01 00:00,"['120800010102', '120800010105', '120800010106', '120800010107', '120800060205']"
2113:AL:SCAN,2113,AL,SCAN,Cullman-NAHRC,GC,Cullman,031601090104,790.0,34.19492,-86.79897,-6.0,33156,CNSA1,NRCS,2006-05-16 00:00,2100-01-01 00:00,"['031601090103', '031601090105', '031601090106']"
2190:CA:SCAN,2190,CA,SCAN,Death Valley Jct,GC,Inyo,180902021504,2080.0,36.32502,-116.35132,-8.0,70961,DVJC1,NRCS,2012-06-08 00:00,2100-01-01 00:00,"['180902021505', '180902021603', '180902021604']"
2174:AL:SCAN,2174,AL,SCAN,Dee River Ranch,GC,Pickens,031601060504,160.0,33.10768,-88.31003,-6.0,,DEEA1,NRCS,2010-04-09 00:00,2100-01-01 00:00,"['031601060503', '031601060505', '031601060601', '031601080902', '031601080903']"
2187:CA:SCAN,2187,CA,SCAN,Deep Springs,GC,Inyo,180902010102,5390.0,37.37222,-117.97383,-8.0,70962,DPSC1,NRCS,2011-11-21 00:00,2100-01-01 00:00,"['180902010101', '180902010103', '180902010301', '180902010303']"
2183:CA:SCAN,2183,CA,SCAN,Desert Center,GC,Riverside,181001004703,550.0,33.80208,-115.30505,-8.0,70986,ERTC1,NRCS,2011-11-16 00:00,2100-01-01 00:00,"['181001004606', '181001004805', '181001004904', '181001004906', '181001005002']"
2048:MO:SCAN,2048,MO,SCAN,Dexter,GC,Stoddard,080202040502,300.0,36.78773,-89.93937,-6.0,28817,DEXM7,NRCS,2001-09-19 00:00,2100-01-01 00:00,"['080202030201', '080202030202', '080202030302', '080202040501']"
2191:CA:SCAN,2191,CA,SCAN,Doe Ridge,GC,Mono,180901020207,7340.0,37.63423,-118.82643,-8.0,70963,DOEC1,NRCS,2012-06-10 00:00,2100-01-01 00:00,"['180901020205', '180901020208']"
2167:UT:SCAN,2167,UT,SCAN,Dugway,GC,Tooele,160203061009,4320.0,40.16591,-113.02007,-7.0,40645,DGYU1,NRCS,2009-06-16 00:00,2100-01-01 00:00,"['160203061002', '160203061007', '160203061008', '160203061102', '160203061104']"
2192:CA:SCAN,2192,CA,SCAN,Eagle Lake,GC,Lassen,180800030305,5160.0,40.6175,-120.72472,-8.0,70964,EALC1,NRCS,2012-06-12 00:00,2100-01-01 00:00,"['180800030303', '180800030304', '180800030306', '180800030307', '180800030605']"
2130:UT:SCAN,2130,UT,SCAN,Eastland,GC,San Juan,140802030109,6840.0,37.77853,-109.17193,-7.0,34112,ELDU1,NRCS,2007-05-14 00:00,2100-01-01 00:00,"['140802030106', '140802030107', '140802030110', '140802030203', '140802030205']"
2077:TN:SCAN,2077,TN,SCAN,Eastview Farm,GC,Franklin,060300030602,1050.0,35.13916,-86.19109,-6.0,30330,EAST1,NRCS,2003-06-04 00:00,2100-01-01 00:00,"['060300030302', '060300030303', '060300030406', '060300030407', '060300030601', '060300030702']"
2220:MO:SCAN,2220,MO,SCAN,Elsberry PMC,GC,Lincoln,071100041104,490.0,39.15321,-90.78279,-6.0,72143,EBYM7,NRCS,2015-08-04 00:00,2100-01-01 00:00,"['071100041004', '071100041101', '071100041102', '071100041103', '071100041105']"
2128:UT:SCAN,2128,UT,SCAN,Enterprise,GC,Iron,160300061307,5240.0,37.63343,-113.64324,-7.0,34115,ENPU1,NRCS,2007-05-11 00:00,2100-01-01 00:00,"['160300061102', '160300061305', '160300061306']"
2126:UT:SCAN,2126,UT,SCAN,Ephraim,GC,Sanpete,160300040303,5540.0,39.36798,-111.57803,-7.0,34109,EPMU1,NRCS,2007-05-09 00:00,2100-01-01 00:00,"['160300040304', '160300040305', '160300040306', '160300040307', '160300040308', '160300040309']"
2072:SD:SCAN,2072,SD,SCAN,Eros Data Center,GC,Minnehaha,101702031402,1600.0,43.73835,-96.61455,-6.0,29691,EROS2,NRCS,2003-05-01 00:00,2100-01-01 00:00,"['101702031202', '101702031401', '101702031701']"
2185:CA:SCAN,2185,CA,SCAN,Essex,GC,San Bernardino,181001003308,2650.0,34.67235,-115.16693,-8.0,70988,EXCC1,NRCS,2011-11-19 00:00,2100-01-01 00:00,"['181001003307', '181001003501', '181001003502', '181001003805', '181001003901']"
2051:FL:SCAN,2051,FL,SCAN,Everglades ARS,GC,Miami-Dade,030902061603,10.0,25.50356,-80.54324,-5.0,23291,EARF1,NRCS,1999-02-01 00:00,2100-01-01 00:00,"['030902021300', '030902061605', '030902061606']"
2184:CA:SCAN,2184,CA,SCAN,Ford Dry Lake,GC,Riverside,181001005405,380.0,33.6547,-115.09763,-8.0,,RDLC1,NRCS,2011-11-16 13:00,2100-01-01 00:00,"['181001005401', '181001005402', '181001005403', '181001005404', '181001005410']"
2019:MT:SCAN,2019,MT,SCAN,Fort Assiniboine #1,GC,Hill,100500040103,2710.0,48.49086,-109.8004,-7.0,19462,FASM8,NRCS,1991-10-01 00:00,2100-01-01 00:00,"['100500040402', '100500050403', '100500050405']"
2022:OK:SCAN,2022,OK,SCAN,Fort Reno #1,GC,Canadian,111003010606,1380.0,35.5572,-98.01627,-6.0,27115,FTRO2,NRCS,1998-11-10 00:00,2100-01-01 00:00,"['110500020602', '110500020707', '111003010605', '111003010702']"
2122:PR:SCAN,2122,PR,SCAN,Fortuna,GC,Juana Díaz,210100040313,70.0,18.02502,-66.5279,-4.0,,FORP4,NRCS,2006-11-08 00:00,2100-01-01 00:00,"['210100040308', '210100040309', '210100040310', '210100040317', '210100040318', '210100040600']"
2218:CA:SCAN,2218,CA,SCAN,French Gulch,GC,Shasta,180201540102,3760.0,40.79361,-122.55083,-8.0,,FGLC1,NRCS,2014-10-22 00:00,2100-01-01 00:00,"['180200050404', '180200050405', '180201540101', '180201540104', '180201540301']"
2011:NY:SCAN,2011,NY,SCAN,Geneva #1,GC,Ontario,041402010904,720.0,42.8765,-77.0307,-5.0,18821,GVAN6,NRCS,1993-10-01 00:00,2100-01-01 00:00,"['041402010303', '041402010404', '041402010903']"
2050:MN:SCAN,2050,MN,SCAN,Glacial Ridge,GC,Polk,090203030503,1140.0,47.71593,-96.26823,-6.0,28526,GLRM5,NRCS,2001-09-25 00:00,2100-01-01 00:00,"['090203010207', '090203030501', '090203030504', '090203030601', '090203050603']"
2024:MS:SCAN,2024,MS,SCAN,Goodwin Ck Pasture,GC,Panola,080302030403,320.0,34.25,-89.86667,-6.0,29368,GCPM6,NRCS,1999-01-27 00:00,2100-01-01 00:00,"['080302011002', '080302030402', '080302030404']"
2025:MS:SCAN,2025,MS,SCAN,Goodwin Ck Timber,GC,Panola,080302030403,330.0,34.23595,-89.89828,-6.0,29369,GCTM6,NRCS,1999-01-27 00:00,2100-01-01 00:00,"['080302030306', '080302030401', '080302030402', '080302030404']"
2165:UT:SCAN,2165,UT,SCAN,Goshute,GC,Tooele,160203060808,5490.0,39.98981,-114.00047,-7.0,43930,GSHU1,NRCS,2010-03-01 00:00,2100-01-01 00:00,"['160203060806', '160203060807', '160203060902']"
2152:UT:SCAN,2152,UT,SCAN,Grantsville,GC,Tooele,160203040503,4340.0,40.59044,-112.39253,-7.0,40644,GTVU1,NRCS,2009-08-27 00:00,2100-01-01 00:00,"['160203040402', '160203040404', '160203040501', '160203040502']"
2131:UT:SCAN,2131,UT,SCAN,Green River,GC,Emery,140600080208,4100.0,39.01825,-110.16264,-7.0,34110,GREU1,NRCS,2005-05-15 00:00,2100-01-01 00:00,"['140600080107', '140600080207', '140600080404']"
2160:UT:SCAN,2160,UT,SCAN,Grouse Creek,GC,Box Elder,160203080103,5820.0,41.77846,-113.82048,-7.0,43921,GRSU1,NRCS,2010-05-04 00:00,2100-01-01 00:00,"['160203080101', '160203080102', '160203080104', '160203080110']"
2045:PR:SCAN,2045,PR,SCAN,Guilarte Forest,GC,Adjuntas,210100020401,3330.0,18.14638,-66.76718,-4.0,28517,GUIP4,NRCS,2001-05-08 00:00,2100-01-01 00:00,"['210100020402', '210100030201', '210100030202', '210100030203', '210100040202', '210100040203', '210100040205']"
2164:UT:SCAN,2164,UT,SCAN,Hals Canyon,GC,Millard,160203020303,5250.0,38.59445,-113.75102,-7.0,43928,HALU1,NRCS,2010-03-09 00:00,2100-01-01 00:00,"['160203020302', '160203020304', '160203020401', '160203020402', '160203020404']"
2166:UT:SCAN,2166,UT,SCAN,Harms Way,GC,San Juan,140300020802,7060.0,38.31347,-109.23998,-7.0,43929,HWYU1,NRCS,2010-03-03 00:00,2100-01-01 00:00,"['140300020902', '140300050603']"
2055:AL:SCAN,2055,AL,SCAN,Hodges,GC,Marshall,060300010705,660.0,34.44486,-86.16517,-6.0,27980,HDGA1,NRCS,2002-02-23 00:00,2100-01-01 00:00,"['060300010505', '060300010807', '060300010901']"
2127:UT:SCAN,2127,UT,SCAN,Holden,GC,Millard,160300051502,4750.0,39.19216,-112.40155,-7.0,34114,HLDU1,NRCS,2007-05-10 00:00,2100-01-01 00:00,"['160300051409', '160300051410', '160300051501', '160300051507']"
2069:NH:SCAN,2069,NH,SCAN,Hubbard Brook,GC,Grafton,010700010205,1480.0,43.94852,-71.72662,-5.0,,HUBN3,NRCS,2002-09-26 00:00,2100-01-01 00:00,"['010700010202', '010700010203', '010700010204', '010700010206', '010700010301']"
2211:AK:SCAN,2211,AK,SCAN,Innoko Camp,AK,Yukon-Koyukuk,190903031103,90.0,63.639,-158.0301,-9.0,72134,IOCA2,NRCS,2014-08-05 00:00,2017-04-04 08:00,"['190903030508', '190903030606', '190903030608', '190903030904', '190903031102', '190903031104', '190903031105']"
2052:PR:SCAN,2052,PR,SCAN,Isabela,GC,Isabela,210100020507,390.0,18.47022,-67.04372,-4.0,9774,ISSP4,NRCS,2003-08-12 00:00,2100-01-01 00:00,"['210100020504', '210100020505', '210100020600']"
2173:AL:SCAN,2173,AL,SCAN,Isbell Farms,GC,Colbert,060300051002,610.0,34.81982,-87.98685,-6.0,70252,ISBA1,NRCS,2010-04-08 00:00,2100-01-01 00:00,"['060300051004', '060300060305', '060300060307']"
2111:NE:SCAN,2111,NE,SCAN,Johnson Farm,GC,Chase,102500040102,3330.0,40.37092,-101.72007,-7.0,32413,JOFN1,NRCS,2005-10-26 00:00,2100-01-01 00:00,"['102500040101', '102500050308', '102500050401']"
2121:MT:SCAN,2121,MT,SCAN,Jordan,GC,Garfield,100401041801,2810.0,47.522,-107.12731,-7.0,34592,JRDM8,NRCS,2007-06-06 00:00,2100-01-01 00:00,"['100401041701', '100401041702', '100401041802', '100401050402', '100401050501']"
2148:ID:SCAN,2148,ID,SCAN,Jordan Valley Cwma,GC,Owyhee,170501080405,4500.0,42.94863,-117.0106,-7.0,,JVCI1,NRCS,2008-12-10 00:00,2100-01-01 00:00,"['170501080403', '170501080404', '170501080501', '170501080502']"
2168:NM:SCAN,2168,NM,SCAN,Jornada Exp Range,GC,Doña Ana,130301030502,4350.0,32.5566,-106.69997,-7.0,40726,JERN5,NRCS,2009-10-19 00:00,2100-01-01 00:00,"['130301030405', '130301030501', '130301030504', '130301030505', '130301030506']"
2194:MO:SCAN,2194,MO,SCAN,Journagan Ranch,GC,Douglas,110100060102,1100.0,36.9973,-92.2594,-6.0,59534,JOUM7,NRCS,2012-07-24 00:00,2100-01-01 00:00,"['110100060101', '110100060103', '110100060201', '110100060202']"
2096:HI:SCAN,2096,HI,SCAN,Kainaliu,GC,Hawaii,200100001102,1350.0,19.53322,-155.92914,-10.0,32495,KXXH1,NRCS,2005-02-10 00:00,2100-01-01 00:00,"['200100001101', '200100001800']"
2208:AK:SCAN,2208,AK,SCAN,Kanaryagak Camp,AK,Kusilvak,190903053903,10.0,61.3588,-165.12042,-9.0,70939,KGAA2,NRCS,2013-08-27 00:00,2017-04-04 05:00,"['190903053702', '190903053703', '190903053704', '190903053904', '190903054111']"
2212:AK:SCAN,2212,AK,SCAN,Kanuti Lake,AK,Yukon-Koyukuk,190901040707,520.0,66.177,-151.742,-9.0,72130,KATA2,NRCS,2014-08-25 00:00,2100-01-01 00:00,"['190901040503', '190901040705', '190901040706', '190901040708', '190901041201']"
2103:HI:SCAN,2103,HI,SCAN,Kemole Gulch,GC,Hawaii,200100001403,4150.0,19.91475,-155.59102,-10.0,32502,KEGH1,NRCS,2005-02-23 00:00,2020-12-17 00:00,"['200100001404', '200100001405', '200100001407']"
2206:TX:SCAN,2206,TX,SCAN,Kingsville,GC,Kleberg,121102040409,70.0,27.54967,-97.88215,-6.0,66052,KGVT2,NRCS,2013-09-16 00:00,2100-01-01 00:00,"['121102040205', '121102040206', '121102040407', '121102040408']"
2201:TX:SCAN,2201,TX,SCAN,Knox City,GC,Knox,120601010206,1460.0,33.44635,-99.86657,-6.0,66053,KNXT2,NRCS,2013-09-12 00:00,2100-01-01 00:00,"['120601010203', '120601010205', '120601010402']"
2180:AL:SCAN,2180,AL,SCAN,Koptis Farms,GC,Baldwin,031602050202,130.0,30.5238,-87.69797,-6.0,55484,KOPA1,NRCS,2010-05-07 00:00,2100-01-01 00:00,"['031401060601', '031401060602', '031602050203']"
2147:KS:SCAN,2147,KS,SCAN,Ku-Nesa,GC,Jefferson,102701040502,1090.0,39.05141,-95.19128,-6.0,35224,KUNK1,NRCS,2008-08-20 00:00,2100-01-01 00:00,"['102701040405', '102701040406', '102701040503']"
2097:HI:SCAN,2097,HI,SCAN,Kukuihaele,GC,Hawaii,200100000203,930.0,20.0955,-155.50864,-10.0,32496,KXAH1,NRCS,2005-02-11 00:00,2100-01-01 00:00,"['200100000202', '200100001600']"
2141:NV:SCAN,2141,NV,SCAN,Kyle Canyon,GC,Clark,150100150301,7010.0,36.26527,-115.60852,-8.0,34941,KCYN2,NRCS,2007-10-23 00:00,2100-01-01 00:00,"['150100150206', '150100150207', '150100150302', '160600150504', '160600150601']"
2106:TX:SCAN,2106,TX,SCAN,Lehman,GC,Cochran,120800010301,3760.0,33.62647,-102.7453,-6.0,30944,LEHT2,NRCS,2005-03-12 00:00,2100-01-01 00:00,"['120500010905', '120800010302']"
2105:TX:SCAN,2105,TX,SCAN,Levelland,GC,Hockley,120500040203,3510.0,33.55125,-102.37392,-6.0,30943,LVLT2,NRCS,2005-03-11 00:00,2100-01-01 00:00,"['120500040102', '120500040201', '120500040202', '120500040204']"
2021:WA:SCAN,2021,WA,SCAN,Lind #1,GC,Adams,170200150807,1660.0,47.00713,-118.57403,-8.0,19303,LDDW1,NRCS,1993-09-27 00:00,2100-01-01 00:00,"['170200150701', '170200150703', '170200150803', '170200150804', '170200150806', '170200160501']"
581:MT:SCAN,581,MT,SCAN,Lindsay,GC,Dawson,101000041002,2820.0,47.21415,-105.18702,-7.0,33997,LDSM8,NRCS,1990-10-01 00:00,2100-01-01 00:00,"['101000040802', '101000040803', '101000041001', '101000041003', '101000041302']"
2155:UT:SCAN,2155,UT,SCAN,Little Red Fox,GC,Duchesne,140600030406,5400.0,40.17956,-110.30404,-7.0,43926,LRFU1,NRCS,2010-01-20 00:00,2100-01-01 00:00,"['140600030403', '140600030404', '140600030405', '140600030805']"
2027:GA:SCAN,2027,GA,SCAN,Little River,GC,Tift,031102040105,340.0,31.5,-83.55,-5.0,24419,LRVG1,NRCS,1999-05-19 00:00,2025-12-10 00:00,"['031102020304', '031102030201', '031102040104']"
2114:AL:SCAN,2114,AL,SCAN,Livingston-UWA,GC,Sumter,031602020404,150.0,32.608,-88.19743,-6.0,33154,LVSA1,NRCS,2006-05-17 00:00,2100-01-01 00:00,"['031602020405', '031602020604']"
2169:NM:SCAN,2169,NM,SCAN,Los Lunas PMC,GC,Valencia,130202030604,4840.0,34.7715,-106.76288,-7.0,40727,LNAN5,NRCS,2009-09-20 00:00,2100-01-01 00:00,"['130202030407', '130202030410', '130202030603']"
2146:NV:SCAN,2146,NV,SCAN,Lovell Summit,GC,Clark,160600150401,6600.0,36.16555,-115.61195,-8.0,34943,LSMN2,NRCS,2007-10-29 00:00,2100-01-01 00:00,"['150100150302', '160600150402', '160600150403', '160600150504', '160600150601']"
2116:NV:SCAN,2116,NV,SCAN,Lovelock NNR,GC,Pershing,160401081100,3930.0,40.09247,-118.49345,-8.0,33798,LUVN2,NRCS,2006-09-26 00:00,2100-01-01 00:00,
1233:AK:SCAN,1233,AK,SCAN,Lower Mulchatna,AK,Dillingham,190303021706,370.0,59.82001,-156.99064,-9.0,69874,LMLA2,NRCS,2012-09-22 00:00,2017-04-04 05:00,"['190303011902', '190303011903', '190303021702', '190303021707', '190303021708']"
2230:MO:SCAN,2230,MO,SCAN,LTSP,GC,Shannon,110100080503,890.0,37.18167,-91.11778,-6.0,,,NRCS,2021-07-06 00:00,2100-01-01 00:00,"['110100070403', '110100080502']"
2042:VT:SCAN,2042,VT,SCAN,Lye Brook,GC,Bennington,020200030202,2440.0,43.05723,-73.03892,-5.0,25913,LBKV1,NRCS,2000-09-14 00:00,2100-01-01 00:00,"['010801070304', '010802030101', '010802030102', '020200030203']"
2028:PA:SCAN,2028,PA,SCAN,Mahantango Ck,GC,Northumberland,020503010801,720.0,40.67309,-76.66702,-5.0,24393,MHCP1,NRCS,1999-04-27 13:00,2100-01-01 00:00,"['020503010502', '020503010701', '020503010702', '020503010802']"
2079:KY:SCAN,2079,KY,SCAN,Mammoth Cave,GC,Hart,051100010808,790.0,37.18645,-86.04103,-6.0,29746,MAMK2,NRCS,2003-08-28 00:00,2100-01-01 00:00,"['051100010803', '051100010807', '051100011301', '051100020701']"
2102:HI:SCAN,2102,HI,SCAN,Mana House,GC,Hawaii,200100000202,4230.0,19.95658,-155.53517,-10.0,32500,MANH1,NRCS,2005-02-18 00:00,2100-01-01 00:00,"['200100000203', '200100000204', '200100001407']"
2020:ND:SCAN,2020,ND,SCAN,Mandan #1,GC,Morton,101302030607,1930.0,46.77236,-100.91419,-7.0,19646,MNDN8,NRCS,1993-11-08 00:00,2100-01-01 00:00,"['101301020106', '101301020201', '101302030607']"
2156:UT:SCAN,2156,UT,SCAN,Manderfield,GC,Beaver,160300070101,6190.0,38.36649,-112.64291,-7.0,40633,MNDU1,NRCS,2010-04-16 00:00,2100-01-01 00:00,"['160300070103', '160300070104', '160300070105', '160300070208', '160300070211']"
2149:CA:SCAN,2149,CA,SCAN,Marble Creek,GC,Mono,180901020501,6180.0,37.77767,-118.4209,-8.0,40058,MCXC1,NRCS,2009-05-06 00:00,2100-01-01 00:00,"['180901020104', '180901020502']"
15:PR:SCAN,15,PR,SCAN,Maricao Forest,GC,Maricao,210100030407,2370.0,18.15737,-67.00392,-4.0,28522,MAFP4,NRCS,2001-05-08 00:00,2100-01-01 00:00,"['210100030206', '210100030401', '210100030402', '210100030403', '210100030404', '210100030407', '210100030409']"
2225:MO:SCAN,2225,MO,SCAN,Mark Twain HS,GC,Ralls,071100070205,730.0,39.51311,-91.51401,-6.0,2018MO,CNRM7,NRCS,2018-05-17 00:00,2100-01-01 00:00,"['071100070204', '071100070301', '071100070302', '071100070303']"
2043:NH:SCAN,2043,NH,SCAN,Mascoma River,GC,Grafton,010801060101,1400.0,43.7756,-72.02593,-5.0,24097,MSRN3,NRCS,1998-08-03 00:00,2100-01-01 00:00,"['010700010304', '010801040202', '010801040203', '010801040204', '010801060102', '010801060103']"
2004:IL:SCAN,2004,IL,SCAN,Mason #1,GC,Mason,071300030507,490.0,40.31314,-89.90187,-6.0,18819,MASI2,NRCS,1993-10-01 00:00,2100-01-01 00:00,"['071300030506', '071300031001', '071300080501', '071300080502', '071300080504']"
2110:MS:SCAN,2110,MS,SCAN,Mayday,GC,Yazoo,080302060902,100.0,32.86153,-90.51989,-6.0,32626,MAYM6,NRCS,2005-09-23 00:00,2100-01-01 00:00,"['080302060903', '080302060904']"
2075:TN:SCAN,2075,TN,SCAN,McAllister Farm,GC,Lincoln,060300020302,940.0,35.06437,-86.59136,-6.0,30332,MCAT1,NRCS,2003-06-02 00:00,2100-01-01 00:00,"['060300020301', '060300030706', '060300030901', '060300030903']"
2140:UT:SCAN,2140,UT,SCAN,Mccracken Mesa,GC,San Juan,140802010508,5310.0,37.44671,-109.33776,-7.0,34636,RACU1,NRCS,2007-09-19 00:00,2100-01-01 00:00,"['140802010305', '140802030502', '140802030503', '140802030605']"
2129:UT:SCAN,2129,UT,SCAN,Milford,GC,Beaver,160300070406,5000.0,38.34196,-113.01053,-7.0,34113,MFRU1,NRCS,2007-05-12 00:00,2100-01-01 00:00,"['160300070309', '160300070310', '160300070404', '160300070405', '160300070604']"
2232:PR:SCAN,2232,PR,SCAN,Miradero,GC,Mayagüez,210100030301,130.0,18.21137,-67.1346,-4.0,21400,AYGP4,NRCS,2022-05-04 00:00,2100-01-01 00:00,"['210100030210', '210100030215', '210100030302', '210100030408', '210100030410', '210100030500']"
2119:MT:SCAN,2119,MT,SCAN,Moccasin,GC,Judith Basin,100401030508,4250.0,47.05818,-109.95082,-7.0,33996,MSCM8,NRCS,2006-10-21 00:00,2100-01-01 00:00,"['100401030509', '100401030604', '100401030902', '100401030903', '100401030904']"
2014:OH:SCAN,2014,OH,SCAN,Molly Caren #1,GC,Madison,050600020102,1030.0,39.95684,-83.4447,-5.0,19347,MOLO1,NRCS,1993-10-01 00:00,2100-01-01 00:00,"['050600012004', '050600012006', '050600020101', '050600020103', '050600020105']"
2217:CA:SCAN,2217,CA,SCAN,Monocline Ridge,GC,Fresno,180300090904,890.0,36.54417,-120.55463,-8.0,,RGMC1,NRCS,2014-10-29 00:00,2100-01-01 00:00,"['180300090901', '180300090902', '180300090903', '180300090908', '180300091001']"
2062:AK:SCAN,2062,AK,SCAN,Moose Inc,GC,Kenai Peninsula,190203010805,110.0,59.68881,-151.37108,-9.0,,MOIA2,NRCS,2002-05-06 00:00,2100-01-01 00:00,"['190203010701', '190203010702', '190203010703', '190203010806', '190203010807', '190208000003']"
2133:UT:SCAN,2133,UT,SCAN,Morgan,GC,Morgan,160201020106,5120.0,40.9999,-111.68555,-7.0,34633,MRGU1,NRCS,2007-05-17 00:00,2100-01-01 00:00,"['160201020105', '160201020401', '160201020402', '160201020403']"
2178:AL:SCAN,2178,AL,SCAN,Morris Farms,GC,Macon,031501100504,220.0,32.41222,-85.91028,-6.0,70254,MRSA1,NRCS,2010-04-13 00:00,2100-01-01 00:00,"['031501100404', '031501100405', '031501100406', '031501100604', '031501100903']"
2041:VT:SCAN,2041,VT,SCAN,Mount Mansfield,GC,Chittenden,043001050201,2310.0,44.53512,-72.83462,-5.0,25911,MMSV1,NRCS,2000-09-13 00:00,2100-01-01 00:00,"['043001030602', '043001030603', '043001050202', '043001050303', '043001050304']"
2134:UT:SCAN,2134,UT,SCAN,Mountain Home,GC,Duchesne,140600030802,6930.0,40.37263,-110.40624,-7.0,34631,MHMU1,NRCS,2007-09-11 00:00,2100-01-01 00:00,"['140600030402', '140600030801', '140600030803', '140600030804']"
2060:MO:SCAN,2060,MO,SCAN,Mt Vernon,GC,Lawrence,110702070107,1230.0,37.073,-93.88158,-6.0,28843,MVEM7,NRCS,2002-03-27 00:00,2100-01-01 00:00,"['110702070103', '110702070104', '110702070105', '110702070106', '110702070504', '110702070602']"
2039:VA:SCAN,2039,VA,SCAN,N Piedmont Arec,GC,Orange,020801060501,510.0,38.22518,-78.1189,-5.0,,NPAV2,NRCS,2000-06-08 00:00,2100-01-01 00:00,"['020801030802', '020801030804', '020801031001', '020801060401']"
2228:TX:SCAN,2228,TX,SCAN,Nacogdoches,GC,Nacogdoches,120200040705,240.0,31.50398,-94.75927,-6.0,TX347,ANFT2,NRCS,2018-04-26 00:00,2100-01-01 00:00,"['120200040604', '120200040703', '120200040704', '120200050102', '120200050103']"
2209:AK:SCAN,2209,AK,SCAN,Naknek River,AK,Bristol Bay,190302041502,110.0,58.67282,-156.56963,-9.0,70937,NKNA2,NRCS,2013-10-01 00:00,2017-04-04 04:00,"['190302041006', '190302041111', '190302041204', '190302041501']"
2137:UT:SCAN,2137,UT,SCAN,Nephi,GC,Juab,160202010101,5250.0,39.64554,-111.87044,-7.0,34632,NPIU1,NRCS,2007-09-14 00:00,2100-01-01 00:00,"['160202010102', '160202010106', '160300050201', '160300050205']"
2087:MS:SCAN,2087,MS,SCAN,North Issaquena,GC,Issaquena,080302090304,110.0,32.9972,-91.05993,-6.0,31332,NORM6,NRCS,2004-02-10 00:00,2100-01-01 00:00,"['080301000200', '080302090302', '080302090303', '080302090305', '080302090404']"
2017:CO:SCAN,2017,CO,SCAN,Nunn #1,GC,Weld,101900080301,5470.0,40.85989,-104.74033,-7.0,18289,NUNC2,NRCS,1993-10-20 00:00,2100-01-01 00:00,"['101900080302', '101900080303']"
2033:MS:SCAN,2033,MS,SCAN,Onward,GC,Sharkey,080302090601,100.0,32.75358,-90.94208,-6.0,24680,OONM6,NRCS,1999-09-17 00:00,2100-01-01 00:00,"['080302071903', '080302090405', '080302090503', '080302090605']"
674:ID:SCAN,674,ID,SCAN,Orchard Range Site,GC,Ada,170501010901,3190.0,43.32268,-115.99643,-7.0,,ORRI1,NRCS,1983-10-01 00:00,2100-01-01 00:00,"['170501010905', '170501140502']"
2157:UT:SCAN,2157,UT,SCAN,Panguitch,GC,Garfield,160300010502,6530.0,37.86975,-112.43437,-7.0,40637,PNGU1,NRCS,2010-01-25 00:00,2100-01-01 00:00,"['160300010309', '160300010310', '160300010406', '160300010501', '160300010503', '160300010504', '160300010505', '160300010506']"
2153:UT:SCAN,2153,UT,SCAN,Park Valley,GC,Box Elder,160203081407,5100.0,41.77318,-113.28596,-7.0,43922,PVLU1,NRCS,2010-01-14 00:00,2100-01-01 00:00,"['160203081406', '160203081408', '160203090602', '160203090604']"
2037:SC:SCAN,2037,SC,SCAN,Pee Dee,GC,Darlington,030402010809,120.0,34.3,-79.73333,-5.0,,PDDS1,NRCS,1999-11-15 09:00,2100-01-01 00:00,"['030402010709', '030402010710', '030402010808', '030402010810']"
2181:AL:SCAN,2181,AL,SCAN,Perdido Riv Farms,GC,Escambia,031401060101,300.0,31.10923,-87.55277,-6.0,39762,PRDA1,NRCS,2010-05-08 00:00,2100-01-01 00:00,"['031401060102', '031401060301', '031403050101', '031403050102', '031502040501']"
2046:MS:SCAN,2046,MS,SCAN,Perthshire,GC,Bolivar,080302071101,150.0,33.9737,-90.90496,-6.0,27796,PERM6,NRCS,2002-04-16 00:00,2100-01-01 00:00,"['080201000200', '080201000302', '080302071102', '080302071105']"
2093:KS:SCAN,2093,KS,SCAN,Phillipsburg,GC,Phillips,102600120103,1980.0,39.78638,-99.32953,-6.0,31339,PHBK1,NRCS,2004-06-23 09:00,2100-01-01 00:00,"['102600120102', '102600120104', '102600120105']"
2144:NV:SCAN,2144,NV,SCAN,Pine Nut,GC,Clark,150100150202,6780.0,36.57285,-115.20422,-8.0,2144,NUTN2,NRCS,2007-10-27 00:00,2100-01-01 00:00,"['150100150201', '150100150204', '150100150205', '150100150208']"
2049:MD:SCAN,2049,MD,SCAN,Powder Mill,GC,UNKNOWN,020700100203,110.0,39.02621,-76.84736,-5.0,27253,PWDM2,NRCS,2001-10-30 00:00,2100-01-01 00:00,"['020600060302', '020600060401']"
2061:MO:SCAN,2061,MO,SCAN,Powell Gardens,GC,Johnson,103001040102,930.0,38.868,-94.03564,-6.0,28842,PWGM7,NRCS,2002-03-27 00:00,2100-01-01 00:00,"['102901080303', '103001010502', '103001010505', '103001040103', '103001040104']"
2016:TX:SCAN,2016,TX,SCAN,Prairie View #1,GC,Waller,120701040104,280.0,30.09168,-95.97695,-6.0,19324,PRVT2,NRCS,1993-10-01 00:00,2100-01-01 00:00,"['120401020201', '120701040104', '120701040105']"
2132:UT:SCAN,2132,UT,SCAN,Price,GC,Carbon,140600070603,5640.0,39.53288,-110.80604,-7.0,34111,PCEU1,NRCS,2007-05-16 00:00,2100-01-01 00:00,"['140600070704', '140600070802', '140600070803', '140600070804', '140600070807']"
2005:KY:SCAN,2005,KY,SCAN,Princeton #1,GC,Caldwell,051402050301,610.0,37.10237,-87.84105,-6.0,18820,PTNK2,NRCS,1993-10-01 00:00,2100-01-01 00:00,"['051302050603', '051302050704', '051302050705', '051402050302']"
2098:HI:SCAN,2098,HI,SCAN,Pua Akala,GC,Hawaii,200100000405,6390.0,19.79264,-155.33183,-10.0,32497,PKLH1,NRCS,2005-02-16 00:00,2021-07-07 10:00,"['200100000303', '200100000304', '200100000305', '200100000401', '200100000402', '200100000404']"
2238:HI:SCAN,2238,HI,SCAN,Puuwai Ranch,GC,Hawaii,200100000206,2830.0,19.98566,-155.35558,-10.0,,,NRCS,2024-06-06 00:00,2100-01-01 00:00,['200100000205']
2236:CA:SCAN,2236,CA,SCAN,Rancheria,GC,Mono,180901010405,7190.0,38.07666,-119.11417,-8.0,,RASC1,NRCS,2023-09-26 00:00,2100-01-01 00:00,"['160503010102', '180901010104', '180901010402', '180901010403', '180901010404', '180901010500']"
2104:TX:SCAN,2104,TX,SCAN,Reese Center,GC,Lubbock,120500011203,3330.0,33.61536,-102.03869,-6.0,30942,REET2,NRCS,2005-03-10 00:00,2100-01-01 00:00,"['120500011304', '120500011305', '120500030101', '120500030103']"
2089:VA:SCAN,2089,VA,SCAN,Reynolds Homestead,GC,Patrick,030101030407,1120.0,36.64517,-80.14902,-5.0,,REYV2,NRCS,2004-04-07 17:00,2100-01-01 00:00,"['030101030401', '030101030403', '030101030405']"
2199:TX:SCAN,2199,TX,SCAN,Riesel,GC,Falls,120701010206,550.0,31.47907,-96.88162,-6.0,,RIET2,NRCS,2013-09-10 00:00,2100-01-01 00:00,"['120602020805', '120701010103', '120701010201', '120701010207', '120701010208']"
2182:AL:SCAN,2182,AL,SCAN,River Road Farms,GC,Houston,031300040801,110.0,31.01912,-85.03693,-6.0,,RVRA1,NRCS,2010-05-09 00:00,2100-01-01 00:00,"['031300040709', '031300040710', '031300040802', '031300040803']"
2036:PA:SCAN,2036,PA,SCAN,Rock Springs Pa,GC,Centre,020503020401,1220.0,40.72044,-77.93294,-5.0,24539,RSPP1,NRCS,1999-11-04 00:00,2100-01-01 00:00,"['020502040102', '020502040103', '020503020401', '020503020601', '020503020701']"
2001:NE:SCAN,2001,NE,SCAN,Rogers Farm #1,GC,Lancaster,102002030905,1200.0,40.84617,-96.46625,-6.0,18827,ROFN1,NRCS,1993-10-19 00:00,2100-01-01 00:00,"['102002030902', '102002030904', '102002030907', '102400060201']"
2229:NV:SCAN,2229,NV,SCAN,Ruby,GC,Elko,160600071103,6010.0,40.63697,-115.2212,-8.0,,RBYN2,NRCS,2019-08-26 00:00,2100-01-01 00:00,"['160600071102', '160600071104']"
2200:TX:SCAN,2200,TX,SCAN,San Angelo,GC,Tom Green,120901040509,1970.0,31.5496,-100.50748,-6.0,73919,SXXT2,NRCS,2013-09-11 00:00,2100-01-01 00:00,"['120901040507', '120901040508', '120901040510', '120901050201']"
2159:UT:SCAN,2159,UT,SCAN,Sand Hollow,GC,Washington,150100080907,3090.0,37.10516,-113.35615,-7.0,43932,SHWU1,NRCS,2010-01-28 00:00,2100-01-01 00:00,"['150100080902', '150100080909', '150100090603']"
2109:MS:SCAN,2109,MS,SCAN,Sandy Ridge,GC,Sunflower,080302070406,130.0,33.65911,-90.57297,-6.0,32625,SRXM6,NRCS,2005-09-22 00:00,2100-01-01 00:00,"['080302070405', '080302070501', '080302070502', '080302070503', '080302070506', '080302070705', '080302070805']"
2193:MO:SCAN,2193,MO,SCAN,Schell-Osage,GC,St. Clair,102901050206,800.0,37.98721,-94.03646,-6.0,59536,SCOM7,NRCS,2012-07-24 00:00,2100-01-01 00:00,"['102901050107', '102901050108', '102901050205']"
2063:AK:SCAN,2063,AK,SCAN,Schor Garden,GC,Kenai Peninsula,190203010806,370.0,59.69254,-151.39367,-9.0,,SCHA2,NRCS,2002-05-06 00:00,2100-01-01 00:00,"['190203010701', '190203010702', '190203010703', '190203010805', '190203010807', '190208000003']"
2070:MS:SCAN,2070,MS,SCAN,Scott,GC,Bolivar,080302071801,140.0,33.61962,-91.10184,-6.0,32317,SCOM6,NRCS,2002-08-12 00:00,2100-01-01 00:00,"['080301000100', '080302071802', '080302090101']"
2012:FL:SCAN,2012,FL,SCAN,Sellers Lake #1,GC,Lake,030801011704,70.0,29.10376,-81.63194,-5.0,19323,SLKF1,NRCS,1994-10-01 00:00,2100-01-01 00:00,"['030801011501', '030801011705', '030801011802', '030801012001']"
2176:AL:SCAN,2176,AL,SCAN,Selma,GC,Dallas,031502011205,140.0,32.40392,-86.89137,-6.0,70253,SMAA1,NRCS,2010-04-11 00:00,2100-01-01 00:00,"['031502011006', '031502011202', '031502011203', '031502011204', '031502011206']"
2171:NM:SCAN,2171,NM,SCAN,Sevilleta,GC,Socorro,130202030703,5250.0,34.35813,-106.69127,-7.0,53314,SEVN5,NRCS,2010-03-09 00:00,2100-01-01 00:00,"['130202030701', '130202030704', '130202030705', '130202030802', '130202030803']"
2186:CA:SCAN,2186,CA,SCAN,Shadow Mtns,GC,San Bernardino,180902031105,3580.0,35.46607,-115.7151,-8.0,70989,DWMC1,NRCS,2011-11-18 00:00,2100-01-01 00:00,"['180902031101', '180902031102', '180902031103', '180902031104', '180902031106', '180902031107']"
2068:IA:SCAN,2068,IA,SCAN,Shagbark Hills,GC,Woodbury,102300031410,1360.0,42.44481,-95.76793,-6.0,28844,SHAI4,NRCS,2002-06-19 09:00,2100-01-01 00:00,"['102300031409', '102300031411', '102300031501', '102300031502', '102300031503']"
2227:MO:SCAN,2227,MO,SCAN,Shaw Nature Reserve,GC,Franklin,071401020902,580.0,38.47902,-90.80641,-6.0,,SNRM7,NRCS,2018-05-16 00:00,2100-01-01 00:00,"['071401020901', '071401020903', '071401030405', '103002000602', '103002000603']"
2088:VA:SCAN,2088,VA,SCAN,Shenandoah,GC,Augusta,020802020402,1760.0,37.93299,-79.21513,-5.0,,SHDV2,NRCS,2004-04-06 00:00,2100-01-01 00:00,"['020700050701', '020802020205', '020802020401']"
2120:MT:SCAN,2120,MT,SCAN,Sidney,GC,Richland,101000042503,2270.0,47.77102,-104.247,-7.0,34002,SISM8,NRCS,2006-10-24 00:00,2100-01-01 00:00,"['101000042209', '101000042302', '101000042303', '101000042502', '101000042704']"
2086:MS:SCAN,2086,MS,SCAN,Silver City,GC,Humphreys,080302071705,110.0,33.0875,-90.51151,-6.0,31331,SILM6,NRCS,2004-02-10 00:00,2100-01-01 00:00,"['080302060307', '080302060407', '080302060901', '080302060903', '080302071603', '080302071608', '080302071701']"
2101:HI:SCAN,2101,HI,SCAN,Silver Sword,GC,Hawaii,200100000401,9320.0,19.76505,-155.42348,-10.0,32498,SLVH1,NRCS,2005-02-19 00:00,2100-01-01 00:00,"['200100000402', '200100000403', '200100001303']"
2231:MO:SCAN,2231,MO,SCAN,Sinkin Forest,GC,Dent,110100080301,1330.0,37.50147,-91.25926,-6.0,,,NRCS,2021-07-06 00:00,2100-01-01 00:00,"['071401020201', '110100070101', '110100070103']"
2047:MO:SCAN,2047,MO,SCAN,Spickard,GC,Audrain,102801021004,880.0,40.2473,-93.71605,-6.0,28816,SPCM7,NRCS,2001-09-19 00:00,2100-01-01 00:00,"['102801020902', '102801020904', '102801021003', '102801021008']"
2154:UT:SCAN,2154,UT,SCAN,Split Mountain,GC,Uintah,140600101102,4850.0,40.39136,-109.35326,-7.0,43991,SPMU1,NRCS,2010-01-19 00:00,2100-01-01 00:00,"['140600100403', '140600100506', '140600100606', '140600100904', '140600101101', '140600101104']"
2158:UT:SCAN,2158,UT,SCAN,Spooky,GC,Kane,140700050701,5340.0,37.51468,-111.26189,-7.0,,SPYU1,NRCS,2010-04-14 00:00,2100-01-01 00:00,"['140700050504', '140700050505', '140700050702']"
2056:AL:SCAN,2056,AL,SCAN,Stanley Farm,GC,Morgan,060300020605,570.0,34.43935,-86.68734,-6.0,27794,STAA1,NRCS,2002-02-23 00:00,2100-01-01 00:00,"['060300020601', '060300020602', '060300020603', '060300020604', '060300020606']"
2064:MS:SCAN,2064,MS,SCAN,Starkville,GC,Oktibbeha,031601040604,270.0,33.47094,-88.78051,-6.0,27795,STKM6,NRCS,1999-09-17 00:00,2100-01-01 00:00,"['031601040403', '031601040601', '031601040603', '031601040605', '031601080206']"
2203:TX:SCAN,2203,TX,SCAN,Stephenville,GC,Erath,120602040103,1310.0,32.24535,-98.19563,-6.0,,SPVT2,NRCS,2013-09-14 00:00,2100-01-01 00:00,"['120602020103', '120602020106', '120602040101', '120602040102']"
2219:CA:SCAN,2219,CA,SCAN,Stubblefield,GC,San Luis Obispo,180600030101,3020.0,34.97018,-119.47831,-8.0,,DLFC1,NRCS,2014-10-31 00:00,2100-01-01 00:00,"['180300031403', '180300031404', '180600070204']"
2179:AL:SCAN,2179,AL,SCAN,Sudduth Farms,GC,Winston,031601100303,790.0,34.17973,-87.45618,-6.0,70257,SUDA1,NRCS,2010-04-14 00:00,2100-01-01 00:00,"['031601100103', '031601100104', '031601100301', '031601100302', '031601100304']"
2073:OH:SCAN,2073,OH,SCAN,Sunleaf Nursery,GC,Lake,041100030203,670.0,41.79618,-81.07653,-5.0,30329,SLFO1,NRCS,2003-11-20 00:00,2023-04-03 00:00,"['041100030204', '041100040603', '041100040605', '042600000102', '042600000200']"
808:MT:SCAN,808,MT,SCAN,Table Mountain,GC,Gallatin,100200071505,4470.0,45.80272,-111.58655,-7.0,34591,TABM8,NRCS,1986-09-30 00:00,2100-01-01 00:00,"['100200050705', '100200050805', '100200071504']"
2233:NM:SCAN,2233,NM,SCAN,Thoreau,GC,McKinley,130202070101,7070.0,35.40455,-108.1783,-7.0,,,NRCS,2022-06-01 00:00,2100-01-01 00:00,"['130202070103', '130202070105', '130202070107']"
2008:NC:SCAN,2008,NC,SCAN,Tidewater #1,GC,Washington,030102050103,10.0,35.86667,-76.65,-5.0,18823,TIDN7,NRCS,1993-10-01 00:00,2100-01-01 00:00,"['030101070902', '030102050104']"
2040:VA:SCAN,2040,VA,SCAN,Tidewater Arec,GC,Suffolk,030102030101,80.0,36.68333,-76.76667,-5.0,,TDWV2,NRCS,2000-06-07 00:00,2019-06-20 11:00,"['020802080102', '030102020501', '030102020504', '030102030102']"
2082:MS:SCAN,2082,MS,SCAN,Tnc Fort Bayou,GC,Jackson,031700090604,40.0,30.47073,-88.74182,-6.0,30981,TFBM6,NRCS,2003-11-04 00:00,2100-01-01 00:00,"['031700060204', '031700090606']"
2018:WY:SCAN,2018,WY,SCAN,Torrington #1,GC,Goshen,101800090503,4180.0,42.07053,-104.14084,-7.0,19540,TRGW4,NRCS,1993-10-21 00:00,2100-01-01 00:00,"['101800090409', '101800090501', '101800090504', '101800090607']"
2142:NV:SCAN,2142,NV,SCAN,Trough Springs,GC,Clark,160600150101,7860.0,36.37355,-115.78127,-8.0,31755,TRUN2,NRCS,2007-10-28 00:00,2100-01-01 00:00,['160600141902']
2163:UT:SCAN,2163,UT,SCAN,Tule Valley,GC,Millard,160203030103,4600.0,39.23724,-113.45866,-7.0,43927,TULU1,NRCS,2010-03-08 00:00,2100-01-01 00:00,"['160203030101', '160203030102', '160203030104', '160203030105', '160203030404']"
2034:MS:SCAN,2034,MS,SCAN,Tunica,GC,Tunica,080201000101,190.0,34.6764,-90.41142,-6.0,24682,TNAM6,NRCS,1999-09-17 00:00,2100-01-01 00:00,"['080201000102', '080302040801', '080302040901']"
2115:AL:SCAN,2115,AL,SCAN,Tuskegee,GC,Macon,031501100503,410.0,32.43455,-85.74802,-6.0,33155,TKSA1,NRCS,2006-05-18 00:00,2100-01-01 00:00,"['031501100302', '031501100304', '031501100504']"
2226:MO:SCAN,2226,MO,SCAN,Twin Pines Conservation Area,GC,Shannon,110100080401,960.0,36.99024,-91.30943,-6.0,2018MO,TPCM7,NRCS,2018-05-22 00:00,2100-01-01 00:00,"['110100080403', '110100110207', '110100110208']"
2083:AR:SCAN,2083,AR,SCAN,Uapb Campus-PB,GC,Jefferson,111102070605,230.0,34.25188,-92.02632,-6.0,31334,UAPA4,NRCS,2004-02-05 00:00,2100-01-01 00:00,"['080402050101', '080402050103', '080402050201', '111102070505', '111102070604', '111102070606']"
2091:AR:SCAN,2091,AR,SCAN,Uapb Dewitt,GC,Arkansas,080203030104,190.0,34.27788,-91.35017,-6.0,32242,DWTA4,NRCS,2004-05-06 00:00,2100-01-01 00:00,"['080203030103', '080203030207', '080203030301', '080204020405']"
2090:AR:SCAN,2090,AR,SCAN,Uapb Point Remove,GC,Pope,111102030304,310.0,35.20842,-92.92462,-6.0,32243,POIA4,NRCS,2004-05-04 00:00,2100-01-01 00:00,"['111102030106', '111102030206', '111102030303', '111102040507']"
2085:AR:SCAN,2085,AR,SCAN,Uapb-Earle,GC,Crittenden,080202031212,210.0,35.27732,-90.45031,-6.0,,UAEA4,NRCS,2004-02-07 00:00,2100-01-01 00:00,"['080202031211', '080202031303', '080202031501']"
2030:AR:SCAN,2030,AR,SCAN,Uapb-Lonoke Farm,GC,Lonoke,080203010401,250.0,34.85,-91.88333,-6.0,24684,LNKA4,NRCS,1999-09-16 00:00,2100-01-01 00:00,"['080203010105', '080203010402', '080204020203', '080204020204']"
2084:AR:SCAN,2084,AR,SCAN,Uapb-Marianna,GC,Lee,080203040301,220.0,34.7849,-90.81769,-6.0,31335,UAMA4,NRCS,2004-02-06 00:00,2100-01-01 00:00,"['080202050505', '080202050506', '080202050508', '080203040201']"
2221:AK:SCAN,2221,AK,SCAN,Unalakleet,AK,Nome,190501021408,290.0,63.91333,-160.74973,-9.0,,UKKA2,NRCS,2015-08-21 00:00,2017-04-04 05:00,"['190501020604', '190501020605', '190501021206', '190501021303', '190501022007']"
2123:VI:SCAN,2123,VI,SCAN,Upper Bethlehem,GC,St. Croix,210200020203,120.0,17.71833,-64.79518,-4.0,34003,UBEV3,NRCS,2006-11-14 00:00,2100-01-01 00:00,"['210200020102', '210200020202', '210200020204', '210200020300']"
2204:TX:SCAN,2204,TX,SCAN,Uvalde,GC,Uvalde,121101060903,930.0,29.21578,-99.75517,-6.0,,VLDT2,NRCS,2013-09-17 00:00,2100-01-01 00:00,"['121101060401', '121101060402', '121101060901', '121101060902', '121101060904']"
2196:WI:SCAN,2196,WI,SCAN,UW Platteville,GC,Lafayette,070600050302,1090.0,42.70785,-90.3899,-6.0,,UWPW3,NRCS,2013-09-04 17:00,2100-01-01 00:00,"['070600030401', '070600030403', '070600030404', '070600030405', '070600050301', '070900030301']"
2234:CA:SCAN,2234,CA,SCAN,Vallecitos,GC,San Benito,180400140302,1620.0,36.45976,-120.70601,-8.0,,,NRCS,2022-10-26 00:00,2100-01-01 00:00,"['180300090901', '180400140301', '180400140303', '180400140304', '180400140401']"
2035:MS:SCAN,2035,MS,SCAN,Vance,GC,Tallahatchie,080302020504,150.0,34.06301,-90.35843,-6.0,24683,VNCM6,NRCS,1999-09-17 00:00,2100-01-01 00:00,"['080302020404', '080302020505', '080302070601', '080302070602']"
2162:UT:SCAN,2162,UT,SCAN,Vermillion,GC,Kane,140700070405,6400.0,37.19061,-112.19252,-7.0,40638,VMLU1,NRCS,2010-04-13 00:00,2100-01-01 00:00,"['140700070407', '140700070408', '150100030304', '150100030307']"
2202:TX:SCAN,2202,TX,SCAN,Vernon,GC,Wilbarger,111302070302,1180.0,34.01635,-99.2464,-6.0,,VNOT2,NRCS,2013-09-13 00:00,2100-01-01 00:00,"['111301050204', '111302070301', '111302070303', '111302070305']"
2118:MT:SCAN,2118,MT,SCAN,Violett,GC,Liberty,100302040502,3210.0,48.43578,-111.18423,-7.0,34000,VIOM8,NRCS,2006-10-20 00:00,2100-01-01 00:00,"['100302031802', '100302031803', '100302040604']"
2003:WI:SCAN,2003,WI,SCAN,Wabeno #1,GC,Forest,040301050103,1580.0,45.47351,-88.58584,-6.0,17217,WABW3,NRCS,1993-10-01 00:00,2100-01-01 00:00,"['040301040203', '040301050102', '040301050104', '040301050401']"
2099:HI:SCAN,2099,HI,SCAN,Waimea Plain,GC,Hawaii,200100000201,3040.0,20.0096,-155.5979,-10.0,32499,WPLH1,NRCS,2005-02-17 00:00,2100-01-01 00:00,"['200100000106', '200100000202', '200100001407']"
2009:FL:SCAN,2009,FL,SCAN,Wakulla #1,GC,Leon,031200010702,90.0,30.30585,-84.42477,-5.0,18824,WAKF1,NRCS,1993-10-01 00:00,2100-01-01 00:00,"['031200010701', '031200010703', '031200010704', '031200010801', '031200010802']"
2026:AZ:SCAN,2026,AZ,SCAN,Walnut Gulch #1,GC,Cochise,150502020707,4500.0,31.74368,-110.05185,-7.0,24357,WGHA3,NRCS,1999-03-19 00:00,2100-01-01 00:00,"['150502020901', '150502020904', '150502020905']"
2013:GA:SCAN,2013,GA,SCAN,Watkinsville #1,GC,Oconee,030701010305,760.0,33.88333,-83.43333,-5.0,19305,WKSG1,NRCS,1993-10-01 00:00,2100-01-01 00:00,"['030701010306', '030701010307', '030701010601', '030701010605', '030701010704', '030701011002']"
1234:AK:SCAN,1234,AK,SCAN,Weary Lake,AK,Dillingham,190303060102,180.0,59.13423,-159.09282,-9.0,69876,WRYA2,NRCS,2012-09-23 00:00,2025-02-11 08:00,"['190303060103', '190303060307', '190303060601']"
2175:AL:SCAN,2175,AL,SCAN,Wedowee,GC,Randolph,031501080906,940.0,33.33168,-85.51818,-6.0,70256,WEDA1,NRCS,2010-04-10 00:00,2100-01-01 00:00,"['031501080903', '031501080904', '031501080905', '031501081006', '031501090104', '031501090105']"
2205:TX:SCAN,2205,TX,SCAN,Weslaco,GC,Hidalgo,121102080300,70.0,26.15613,-97.95894,-6.0,,WCOT2,NRCS,2013-09-16 00:00,2100-01-01 00:00,"['121102080100', '121102080600']"
2139:UT:SCAN,2139,UT,SCAN,West Summit,GC,San Juan,140300050503,6980.0,38.01394,-109.12745,-7.0,34634,WSMU1,NRCS,2007-09-18 00:00,2100-01-01 00:00,"['140300020703', '140300050501']"
2108:NM:SCAN,2108,NM,SCAN,Willow Wells,GC,Lea,120800040101,4350.0,33.53382,-103.63097,-7.0,30946,WILN5,NRCS,2005-03-12 00:00,2100-01-01 00:00,"['120800010101', '120800040103', '120800040104', '120800060203', '130600070302']"
2053:AL:SCAN,2053,AL,SCAN,Wtars,GC,Madison,060300020306,770.0,34.90159,-86.53852,-6.0,27978,WTAA1,NRCS,2002-02-04 00:00,2100-01-01 00:00,"['060300020301', '060300020302', '060300020304', '060300020305', '060300020307']"
2038:SC:SCAN,2038,SC,SCAN,Youmans Farm,GC,Hampton,030601090302,100.0,32.66667,-81.2,-5.0,,YMFS1,NRCS,1999-11-15 09:00,2100-01-01 00:00,"['030502080102', '030502080301', '030601090105', '030601090107', '030601090301']"
